{
    "common": "common.json",
    "geometry": {
        "advanced": {
            "normalize_mesh": true
        },
        "mesh": "../contact/meshes/3D/simple/cube.msh",
        "n_refs": 1,
        "surface_selection": 1
    },
    "materials": {
        "k": 1,
        "type": "Helmholtz"
    },
    "preset_problem": {
        "type": "Franke"
    },
    "tests": {
        "err_h1": 0.4555415088514371,
        "err_h1_semi": 0.40587336411972685,
        "err_l2": 0.20684505936758463,
        "err_linf": 0.37938812615430506,
        "err_linf_grad": 0.37938812615430506,
        "err_lp": 0.2875176217766232,
        "margin": 1e-05,
        "time_steps": "static"
    }
}