{
    "common": "common.json",
    "authen_t1": {
        "err_h1": 0.12298504658254301,
        "err_h1_semi": 0.1086970335636529,
        "err_l2": 0.05753500306224367,
        "err_linf": 0.0872170902896713,
        "err_linf_grad": 0.12988072531422049,
        "err_lp": 0.06874397464115155
    },
    "geometry": {
        "mesh": "../contact/meshes/3D/simple/cube.msh",
        "n_refs": 1,
        "surface_selection": 1,
        "advanced": {
            "normalize_mesh": true
        }
    },
    "preset_problem": {
        "type": "ElasticExact"
    },
    "materials": {
        "type": "HookeLinearElasticity",
        "E": 20000,
        "nu": 0.3
    }
}