{
    "common": "common.json",
    "geometry": {
        "advanced": {
            "normalize_mesh": true
        },
        "mesh": "../contact/meshes/3D/simple/cube.msh",
        "n_refs": 1,
        "surface_selection": 1
    },
    "materials": {
        "E": 20000,
        "nu": 0.3,
        "type": "HookeLinearElasticity"
    },
    "preset_problem": {
        "type": "ElasticExact"
    },
    "tests": {
        "err_h1": 0.12297155397875317,
        "err_h1_semi": 0.10867918352701317,
        "err_l2": 0.057539883175508746,
        "err_linf": 0.08722899234280951,
        "err_linf_grad": 0.12976426256039694,
        "err_lp": 0.06875110775957786,
        "margin": 1e-05,
        "time_steps": "static"
    }
}