{
    "common": "common.json",
    "geometry": {
        "advanced": {
            "normalize_mesh": true
        },
        "mesh": "../contact/meshes/3D/simple/cube.msh",
        "n_refs": 1,
        "surface_selection": 1
    },
    "materials": {
        "elasticity_tensor": [1000000000.0, 700000000.0, 1000000000.0, 800000000.0, 1000000000.0, 300000000.0, 0.3, 0.3, 0.25],
        "type": "HookeLinearElasticity"
    },
    "preset_problem": {
        "type": "ElasticExact"
    },
    "tests": {
        "err_h1": 0.12275808366640223,
        "err_h1_semi": 0.10808538943335201,
        "err_l2": 0.05819876026590298,
        "err_linf": 0.08819672523138944,
        "err_linf_grad": 0.13002692337245417,
        "err_lp": 0.06940316062747391,
        "margin": 1e-05,
        "time_steps": "static"
    }
}