{
    "common": "elastic_common.json",
    "materials": {
        "E": 20000,
        "id": 1,
        "nu": 0.499,
        "type": "IncompressibleLinearElasticity"
    },
    "tests": {
        "err_h1": 0.38071122413301406,
        "err_h1_semi": 0.3710652926954885,
        "err_l2": 0.08515623722117789,
        "err_linf": 0.12414198400327536,
        "err_linf_grad": 0.41076178649198497,
        "err_lp": 0.09227079664325287,
        "margin": 1e-05,
        "time_steps": "static"
    }
}