{
    "common": "common.json",
    "authen_t1": {
        "err_h1": 0.12297468226669835,
        "err_h1_semi": 0.10870018638383412,
        "err_l2": 0.057506886185179025,
        "err_linf": 0.08715449368572215,
        "err_linf_grad": 0.12946698246569577,
        "err_lp": 0.06871066363322727,
        "margin": 1e-08
    },
    "geometry": {
        "mesh": "../contact/meshes/3D/simple/cube.msh",
        "n_refs": 1,
        "surface_selection": 1,
        "advanced": {
            "normalize_mesh": true
        }
    },
    "preset_problem": {
        "type": "ElasticExact"
    },
    "materials": {
        "type": "SaintVenant",
        "E": 20000,
        "nu": 0.3
    }
}