{
    "common": "common.json",
    "geometry": {
        "advanced": {
            "normalize_mesh": true
        },
        "mesh": "../contact/meshes/3D/simple/cube.msh",
        "n_refs": 1,
        "surface_selection": 1
    },
    "materials": {
        "E": 20000,
        "nu": 0.3,
        "type": "SaintVenant"
    },
    "preset_problem": {
        "type": "ElasticExact"
    },
    "tests": {
        "err_h1": 0.12295414660716546,
        "err_h1_semi": 0.10866932104055023,
        "err_l2": 0.05752130763884079,
        "err_linf": 0.08718822356308505,
        "err_linf_grad": 0.12933122476670686,
        "err_lp": 0.06873005844715324,
        "margin": 1e-05,
        "time_steps": "static"
    }
}