{"geometry":{"advanced":{"normalize_mesh":true},"mesh":"meshes/hybrid_lshape_L1.msh","surface_selection":1},"materials":{"E":100000000.0,"nu":0.3,"type":"LinearElasticity"},"preset_problem":{"type":"ElasticExact"},"space":{"discr_order":1,"discr_orderq":3},"tests":{"err_h1":0.009580333920201217,"err_h1_semi":0.009558599485533684,"err_l2":0.0006449603846076205,"err_linf":0.0026462118961952884,"err_linf_grad":0.031115878964102735,"err_lp":0.0015474037244741774,"margin":1e-05,"time_steps":1},"time":{"dt":1,"tend":1}}