{"geometry":{"advanced":{"normalize_mesh":true},"mesh":"meshes/hybrid_lshape_L1.msh","surface_selection":1},"materials":{"E":100000000.0,"nu":0.3,"type":"LinearElasticity"},"preset_problem":{"type":"ElasticExact"},"space":{"discr_order":1,"discr_orderq":2},"tests":{"err_h1":0.009735683569254212,"err_h1_semi":0.009712444432975866,"err_l2":0.0006722779908657836,"err_linf":0.0026509578688263566,"err_linf_grad":0.03066285184308539,"err_lp":0.0015665804561610741,"margin":1e-05,"time_steps":1},"time":{"dt":1,"tend":1}}