{"geometry":{"advanced":{"normalize_mesh":true},"mesh":"meshes/hybrid_lshape_L1.msh","surface_selection":1},"materials":{"E":100000000.0,"nu":0.3,"type":"LinearElasticity"},"preset_problem":{"type":"ElasticExact"},"space":{"discr_order":1,"discr_orderq":1},"tests":{"err_h1":0.011802980590018641,"err_h1_semi":0.011775148195841207,"err_l2":0.0008100838069819353,"err_linf":0.0023866027461422693,"err_linf_grad":0.03128314866849367,"err_lp":0.0014184548344937649,"margin":1e-05,"time_steps":1},"time":{"dt":1,"tend":1}}