{"geometry":{"advanced":{"normalize_mesh":true},"mesh":"meshes/hybrid_lshape_L1.msh","surface_selection":1},"materials":{"E":100000000.0,"nu":0.3,"type":"LinearElasticity"},"preset_problem":{"type":"ElasticExact"},"space":{"discr_order":2,"discr_orderq":1},"tests":{"err_h1":0.006000913634673831,"err_h1_semi":0.005966605939454037,"err_l2":0.0006407636179482217,"err_linf":0.0017338277033432878,"err_linf_grad":0.009624375566376771,"err_lp":0.0010662454316479784,"margin":1e-05,"time_steps":1},"time":{"dt":1,"tend":1}}