{"geometry":{"advanced":{"normalize_mesh":true},"mesh":"meshes/hybrid_lshape_L1.msh","surface_selection":1},"materials":{"E":100000000.0,"nu":0.3,"type":"LinearElasticity"},"preset_problem":{"type":"ElasticExact"},"space":{"discr_order":2,"discr_orderq":2},"tests":{"err_h1":0.0009834598284172243,"err_h1_semi":0.0009820972392630273,"err_l2":5.175178008895819e-05,"err_linf":0.00017503125486091338,"err_linf_grad":0.002610284829563473,"err_lp":9.019921358550229e-05,"margin":1e-05,"time_steps":1},"time":{"dt":1,"tend":1}}