{"geometry":{"advanced":{"normalize_mesh":true},"mesh":"meshes/hybrid_lshape_L1.msh","surface_selection":1},"materials":{"E":100000000.0,"nu":0.3,"type":"LinearElasticity"},"preset_problem":{"type":"ElasticExact"},"space":{"discr_order":3,"discr_orderq":1},"tests":{"err_h1":0.006048734482278958,"err_h1_semi":0.006016835210315593,"err_l2":0.000620389304402486,"err_linf":0.0017005366449824783,"err_linf_grad":0.00923852873935964,"err_lp":0.0010237539972070557,"margin":1e-05,"time_steps":1},"time":{"dt":1,"tend":1}}