{"boundary_conditions":{"dirichlet_boundary":[{"id":1,"value":["0.05*x + 0.02*y + 0.01*z","0.03*x + -0.03*y + 0.02*z","0.01*x + 0.02*y + 0.04*z"]}]},"geometry":{"mesh":"meshes/prism_cantilever.msh","surface_selection":1},"materials":{"E":100000000.0,"nu":0.3,"type":"LinearElasticity"},"output":{"reference":{"gradient":["0.05","0.02","0.01","0.03","-0.03","0.02","0.01","0.02","0.04"],"solution":["0.05*x + 0.02*y + 0.01*z","0.03*x + -0.03*y + 0.02*z","0.01*x + 0.02*y + 0.04*z"]}},"space":{"discr_order":1,"discr_orderq":2},"tests":{"err_h1":5.962182061914103e-17,"err_h1_semi":5.884963101085377e-17,"err_l2":9.564644469471306e-18,"err_linf":2.3013707539344673e-17,"err_linf_grad":1.3268083282039866e-16,"err_lp":1.4910265240132856e-17,"margin":1e-05,"time_steps":"static"}}