{"boundary_conditions":{"dirichlet_boundary":[{"id":1,"value":["0.05*x + 0.02*y + 0.01*z","0.03*x + -0.03*y + 0.02*z","0.01*x + 0.02*y + 0.04*z"]}]},"geometry":{"mesh":"meshes/hybrid_block.msh","surface_selection":1},"materials":{"E":100000000.0,"nu":0.3,"type":"LinearElasticity"},"output":{"reference":{"gradient":["0.05","0.02","0.01","0.03","-0.03","0.02","0.01","0.02","0.04"],"solution":["0.05*x + 0.02*y + 0.01*z","0.03*x + -0.03*y + 0.02*z","0.01*x + 0.02*y + 0.04*z"]}},"space":{"discr_order":2,"discr_orderq":1},"tests":{"err_h1":4.082214354026292e-16,"err_h1_semi":4.0713292755287763e-16,"err_l2":2.9791267586429246e-17,"err_linf":1.3466349657790474e-16,"err_linf_grad":5.359313002148458e-16,"err_lp":6.436594773643638e-17,"margin":1e-05,"time_steps":"static"}}