{"boundary_conditions":{"dirichlet_boundary":[{"id":1,"value":["0.05*x + 0.02*y + 0.01*z","0.03*x + -0.03*y + 0.02*z","0.01*x + 0.02*y + 0.04*z"]}]},"geometry":{"mesh":"meshes/hybrid_block.msh","surface_selection":1},"materials":{"E":100000000.0,"nu":0.3,"type":"LinearElasticity"},"output":{"reference":{"gradient":["0.05","0.02","0.01","0.03","-0.03","0.02","0.01","0.02","0.04"],"solution":["0.05*x + 0.02*y + 0.01*z","0.03*x + -0.03*y + 0.02*z","0.01*x + 0.02*y + 0.04*z"]}},"space":{"discr_order":1,"discr_orderq":2},"tests":{"err_h1":2.670257000613002e-16,"err_h1_semi":2.6627786805868475e-16,"err_l2":1.9970515149818464e-17,"err_linf":1.192584934889044e-16,"err_linf_grad":2.3202534447059756e-16,"err_lp":4.7458477543951455e-17,"margin":1e-05,"time_steps":"static"}}