{"boundary_conditions":{"dirichlet_boundary":[{"id":1,"value":["0.05*x + 0.02*y + 0.01*z","0.03*x + -0.03*y + 0.02*z","0.01*x + 0.02*y + 0.04*z"]}]},"geometry":{"mesh":"meshes/prism_cantilever.msh","surface_selection":1},"materials":{"E":100000000.0,"nu":0.3,"type":"LinearElasticity"},"output":{"reference":{"gradient":["0.05","0.02","0.01","0.03","-0.03","0.02","0.01","0.02","0.04"],"solution":["0.05*x + 0.02*y + 0.01*z","0.03*x + -0.03*y + 0.02*z","0.01*x + 0.02*y + 0.04*z"]}},"space":{"discr_order":2,"discr_orderq":1},"tests":{"err_h1":9.092846987300879e-17,"err_h1_semi":8.994256578042423e-17,"err_l2":1.3353707136249735e-17,"err_linf":2.943923360032078e-17,"err_linf_grad":2.0509391432129934e-16,"err_lp":2.0319476660025532e-17,"margin":1e-05,"time_steps":"static"}}