{
    "common": "P4.json",
    "output": {
        "paraview": {
            "skip_frame": 1
        }
    },
    "tests": {
        "err_h1": 0.004780781796818409,
        "err_h1_semi": 0.0005172929766186751,
        "err_l2": 0.004752713179346219,
        "err_linf": 0.056705028404789456,
        "err_linf_grad": 0.056705028404789456,
        "err_lp": 0.030347495644871235,
        "margin": 1e-05,
        "time_steps": 20
    },
    "time": {
        "dt": 0.01
    },
    "solver": {
        "advanced": {
            "characteristic_force_density": 1,
            "characteristic_length": 1
        },
        "nonlinear": {
            "norm_type": "Euclidean",
            "first_grad_norm_tol": 1e-12,
            "grad_norm_tol": 1.0000000000000001e-07,
            "x_delta_tol": 1e-14,
            "advanced": {
                "f_delta_tol": 0.0,
                "derivative_along_delta_x_tol": 0.0
            },
            "line_search": {
                "use_grad_norm_tol": 1e-08
            }
        }
    }
}