{
    "boundary_conditions": {
        "rhs": [0, 0]
    },
    "common": "../common.json",
    "geometry": [{
        "mesh": "../../meshes/2D/simple/square.obj",
        "volume_selection": 1
    }],
    "initial_conditions": {
        "velocity": [{
            "id": 1,
            "value": ["deg2rad(180) * y", "-deg2rad(180) * x"]
        }]
    },
    "materials": [{
        "E": 25500000.0,
        "id": 1,
        "nu": 0.48,
        "rho": 1700,
        "type": "NeoHookean"
    }],
    "tests": {
        "err_h1": 2.8299322228414896,
        "err_h1_semi": 2.791428572993668,
        "err_l2": 0.4652342504062975,
        "err_linf": 0.46523425040631994,
        "err_linf_grad": 2.791428572993668,
        "err_lp": 0.46523425040629746,
        "margin": 1e-05,
        "time_steps": "all"
    },
    "time": {
        "dt": 0.04,
        "tend": 5
    }
}