{
    "common": "../common.json",
    "authen_t1": {
        "err_h1": 0.06324880196396232,
        "err_h1_semi": 0.062357577127984766,
        "err_l2": 0.010580336696152702,
        "err_linf": 0.010580336696152704,
        "err_linf_grad": 0.06416150011862101,
        "err_lp": 0.010580336696152702
    },
    "geometry": [{
        "mesh": "../../meshes/2D/simple/square.obj",
        "volume_selection": 1
    }],
    "time": {
        "tend": 5,
        "dt": 0.04
    },
    "boundary_conditions": {
        "rhs": [0, 0]
    },
    "initial_conditions": {
        "velocity": [{
            "id": 1,
            "value": ["deg2rad(180) * y", "-deg2rad(180) * x"]
        }]
    },
    "materials": [{
        "id": 1,
        "E": 2.55e7,
        "nu": 0.48,
        "rho": 1700,
        "type": "NeoHookean"
    }]
}