{
    "common": "main.json",
    "tests": {
        "err_h1": 0.877800160816153,
        "err_h1_semi": 0.8453190990688948,
        "err_l2": 0.23657713980479175,
        "err_linf": 0.3576425203409988,
        "err_linf_grad": 0.8493545602911761,
        "err_lp": 0.2956185209301733,
        "margin": 1e-05,
        "time_steps": 10
    },
    "time": {
        "integrator": "BDF4",
        "tend": 0.1,
        "time_steps": 10
    },
    "solver": {
        "advanced": {
            "characteristic_force_density": 1,
            "characteristic_length": 1
        },
        "nonlinear": {
            "norm_type": "Euclidean",
            "rel_grad_norm_tol": 0,
            "line_search": {
                "use_grad_norm_tol": 1.0000000000000001e-07
            }
        }
    }
}