{
    "variable_to_simulation": [
        {
            "type": "shape",
            "state": 0,
            "composite_map_type": "boundary_excluding_surface",
            "surface_selection": [
                1,
                2,
                3,
                4
            ],
            "composition": []
        }
    ],
    "parameters": [
        {
            "number": 1944
        }
    ],
    "functionals": [
        {
            "type": "mesh-target",
            "state": 0,
            "surface_selection": [
                6
            ],
            "mesh_path": "contact/meshes/3D/mat_target.obj",
            "delta": 0.05,
            "weight": 1
        },
        {
            "type": "sdf-target",
            "surface_selection": [
                6
            ],
            "delta": 0.05,
            "weight": 1,
            "state": 0,
            "control_points_grid": [
                [
                    -0.5,
                    0.0065,
                    -0.5
                ],
                [
                    -0.16666666666666669,
                    0.0065,
                    -0.5
                ],
                [
                    0.16666666666666663,
                    0.0065,
                    -0.5
                ],
                [
                    0.5,
                    0.0065,
                    -0.5
                ],
                [
                    -0.5,
                    0.0065,
                    -0.16666666666666669
                ],
                [
                    -0.16666666666666669,
                    0.4065,
                    -0.16666666666666669
                ],
                [
                    0.16666666666666663,
                    0.4065,
                    -0.16666666666666669
                ],
                [
                    0.5,
                    0.0065,
                    -0.16666666666666669
                ],
                [
                    -0.5,
                    0.0065,
                    0.16666666666666663
                ],
                [
                    -0.16666666666666669,
                    0.4065,
                    0.16666666666666663
                ],
                [
                    0.16666666666666663,
                    0.4065,
                    0.16666666666666663
                ],
                [
                    0.5,
                    0.0065,
                    0.16666666666666663
                ],
                [
                    -0.5,
                    0.0065,
                    0.5
                ],
                [
                    -0.16666666666666669,
                    0.0065,
                    0.5
                ],
                [
                    0.16666666666666663,
                    0.0065,
                    0.5
                ],
                [
                    0.5,
                    0.0065,
                    0.5
                ]
            ],
            "knots_u": [
                0,
                0,
                0,
                0,
                1,
                1,
                1,
                1
            ],
            "knots_v": [
                0,
                0,
                0,
                0,
                1,
                1,
                1,
                1
            ]
        }
    ],
    "states": [
        {
            "path": "3d-shape-mesh-target.json"
        }
    ]
}
