{
    "boundary_conditions": {
        "dirichlet_boundary": [
            {
                "id": 1,
                "interpolation": {
                    "from": 0,
                    "to": 0.05,
                    "type": "linear_ramp"
                },
                "value": [
                    -4,
                    0,
                    0
                ]
            },
            {
                "id": 3,
                "interpolation": {
                    "from": 0.05,
                    "to": 0.1,
                    "type": "linear_ramp"
                },
                "value": [
                    4,
                    0,
                    0
                ]
            }
        ]
    },
    "common": "main.json",
    "tests": {
        "err_h1": 0.44665386332426776,
        "err_h1_semi": 0.43034417311065015,
        "err_l2": 0.11959751791824304,
        "err_linf": 0.17954367971044013,
        "err_linf_grad": 0.4344777592893422,
        "err_lp": 0.14837505178202512,
        "margin": 1e-05,
        "time_steps": 10
    }
}