{
    "common": "main.json",
    "tests": {
        "err_h1": 0.8778719296842997,
        "err_h1_semi": 0.8453860489021016,
        "err_l2": 0.23660421223919387,
        "err_linf": 0.35768303862565104,
        "err_linf_grad": 0.8494291736194189,
        "err_lp": 0.2956400301925015,
        "margin": 1e-05,
        "time_steps": 10
    },
    "time": {
        "integrator": "BDF1",
        "tend": 0.1,
        "time_steps": 10
    }
}