{
    "common": "main.json",
    "tests": {
        "err_h1": 0.877871347699992,
        "err_h1_semi": 0.845385484448347,
        "err_l2": 0.2366040696958397,
        "err_linf": 0.3576829570440023,
        "err_linf_grad": 0.8494290370815543,
        "err_lp": 0.2956399709499387,
        "margin": 1e-05,
        "time_steps": 10
    },
    "time": {
        "integrator": "BDF2",
        "tend": 0.1,
        "time_steps": 10
    }
}