{
    "common": "main.json",
    "tests": {
        "err_h1": 0.8770178679470083,
        "err_h1_semi": 0.8447726955316456,
        "err_l2": 0.23562562165968667,
        "err_linf": 0.3575416847491781,
        "err_linf_grad": 0.8509812598826683,
        "err_lp": 0.2950856681723102,
        "margin": 1e-05,
        "time_steps": 10
    },
    "time": {
        "integrator": "ImplicitNewmark",
        "tend": 0.1,
        "time_steps": 10
    }
}