{
    "output": {
        "save_frequency": 1,
        "solve_log_level": 3
    },
    "parameters": [
        {
            "type": "shape",
            "surface_selection": [
                2
            ],
            "states": [
                0
            ],
            "restriction": "b_spline",
            "spline_specification": [
                {
                    "id": 2,
                    "control_point_grid": [
                        [
                            -1.0,
                            1.0,
                            -1.0
                        ],
                        [
                            -0.33333333333333337,
                            1.0,
                            -1.0
                        ],
                        [
                            0.33333333333333326,
                            1.0,
                            -1.0
                        ],
                        [
                            1.0,
                            1.0,
                            -1.0
                        ],
                        [
                            -1.0,
                            1.0,
                            -0.33333333333333337
                        ],
                        [
                            -0.33333333333333337,
                            1.0,
                            -0.33333333333333337
                        ],
                        [
                            0.33333333333333326,
                            1.0,
                            -0.33333333333333337
                        ],
                        [
                            1.0,
                            1.0,
                            -0.33333333333333337
                        ],
                        [
                            -1.0,
                            1.0,
                            0.33333333333333326
                        ],
                        [
                            -0.33333333333333337,
                            1.0,
                            0.33333333333333326
                        ],
                        [
                            0.33333333333333326,
                            1.0,
                            0.33333333333333326
                        ],
                        [
                            1.0,
                            1.0,
                            0.33333333333333326
                        ],
                        [
                            -1.0,
                            1.0,
                            1.0
                        ],
                        [
                            -0.33333333333333337,
                            1.0,
                            1.0
                        ],
                        [
                            0.33333333333333326,
                            1.0,
                            1.0
                        ],
                        [
                            1.0,
                            1.0,
                            1.0
                        ]
                    ],
                    "knot_u": [
                        0,
                        0,
                        0,
                        0,
                        1,
                        1,
                        1,
                        1
                    ],
                    "knot_v": [
                        0,
                        0,
                        0,
                        0,
                        1,
                        1,
                        1,
                        1
                    ]
                }
            ],
            "smoothing_parameters": {
                "min_iter": 2,
                "tol": 1e-10,
                "soft_p": 1e5,
                "exp_factor": 5
            },
            "contact": {
                "CCD": {
                    "tolerance": 1e-6,
                    "max_iterations": 1000000
                },
                "enabled": true
            }
        }
    ],
    "functionals": [
        {
            "type": "trajectory",
            "matching": "exact",
            "state": 0,
            "target_state": 1,
            "shape_parameter": 0,
            "surface_selection": [
                5
            ],
            "reference_cached_body_ids": [
                2
            ],
            "transient_integral_type": "final"
        },
        {
            "type": "collision_barrier",
            "shape_parameter": 0,
            "weight": 1,
            "dhat": 1e-3
        }
    ],
    "solver": {
        "nonlinear": {
            "solver": "L-BFGS",
            "min_step_size": 1e-8,
            "max_step_size": 1.0,
            "max_iterations": 4,
            "grad_norm": 1e-4,
            "line_search": {
                "method": "Backtracking",
                "use_grad_norm_tol": 0
            },
            "export_energy": "3d-bspline-shape-trajectory-opt",
            "relative_gradient": false,
            "use_grad_norm": true,
            "solver_info_log": true,
            "debug_fd": false
        }
    },
    "states": [
        {
            "path": "state.json"
        },
        {
            "path": "target.json"
        }
    ]
}